{"initial_reset_timestamp": 1591737443.2144692, "timestamps": [1591737450.591361], "episode_lengths": [200], "episode_rewards": [200.0], "episode_types": ["t"]}